sep=, 
final goal x ,4.00948,final Goal y,1.58225
timestamp, position X , position Y , position Z , orientation X , orientation Y , orientation Z , destination change x, destination change y, cordinates change X, cordinates change Y
0.635000000,-2.00002,-0.5,-0.00100139,-7.05618e-06,0.0038531,-1.33579e-06
0.668000000,-2.00002,-0.5,-0.00100139,-7.05679e-06,0.0038531,-1.18668e-06
0.701000000,-2.00002,-0.5,-0.00100139,-7.0574e-06,0.0038531,-1.03757e-06
0.735000000,-2.00002,-0.5,-0.00100139,-7.05802e-06,0.0038531,-8.83934e-07
0.767000000,-2.00002,-0.5,-0.00100139,-7.05862e-06,0.0038531,-7.34821e-07
0.801000000,-2.00002,-0.499999,-0.00100139,-7.05923e-06,0.0038531,-5.85706e-07
0.835000000,-2.00002,-0.499999,-0.00100139,-7.05984e-06,0.0038531,-4.32073e-07
0.868000000,-2.00002,-0.499999,-0.00100139,-7.06044e-06,0.0038531,-2.82958e-07
0.901000000,-2.00002,-0.499999,-0.00100139,-7.06104e-06,0.0038531,-1.33842e-07
0.934000000,-2.00002,-0.499999,-0.00100139,-7.06165e-06,0.0038531,1.97921e-08
0.968000000,-2.00002,-0.499999,-0.00100139,-7.06225e-06,0.0038531,1.68908e-07
1.001000000,-2.00002,-0.499999,-0.00100139,-7.06284e-06,0.0038531,3.18025e-07
1.034000000,-2.00002,-0.499999,-0.00100139,-7.06345e-06,0.0038531,4.71661e-07
1.068000000,-2.00002,-0.499999,-0.00100139,-7.06404e-06,0.0038531,6.20778e-07
1.101000000,-2.00002,-0.499999,-0.00100139,-7.06463e-06,0.0038531,7.69896e-07
1.135000000,-2.00002,-0.499999,-0.00100139,-7.06524e-06,0.0038531,9.23533e-07
1.168000000,-2.00002,-0.499999,-0.00100139,-7.06583e-06,0.0038531,1.07265e-06
1.201000000,-2.00002,-0.499999,-0.00100139,-7.06641e-06,0.0038531,1.22177e-06
1.235000000,-2.00002,-0.499999,-0.00100139,-7.06702e-06,0.0038531,1.37541e-06
1.268000000,-2.00002,-0.499999,-0.00100139,-7.0676e-06,0.0038531,1.52453e-06
1.301000000,-2.00002,-0.499999,-0.00100139,-7.06819e-06,0.0038531,1.67365e-06
1.334000000,-2.00002,-0.499999,-0.00100139,-7.06879e-06,0.0038531,1.82729e-06
1.368000000,-2.00002,-0.499999,-0.00100139,-7.06937e-06,0.0038531,1.97641e-06
1.401000000,-2.00002,-0.499999,-0.00100139,-7.06996e-06,0.0038531,2.12553e-06
1.435000000,-2.00002,-0.499999,-0.00100139,-7.07056e-06,0.0038531,2.27917e-06
1.468000000,-2.00002,-0.499999,-0.00100139,-7.07114e-06,0.0038531,2.42829e-06
1.501000000,-2.00002,-0.499999,-0.00100139,-7.07172e-06,0.0038531,2.57741e-06
1.535000000,-2.00002,-0.499999,-0.00100139,-7.07232e-06,0.0038531,2.73105e-06
1.568000000,-2.00002,-0.499999,-0.00100139,-7.0729e-06,0.0038531,2.88018e-06
1.601000000,-2.00002,-0.499999,-0.00100139,-7.07348e-06,0.0038531,3.0293e-06
1.635000000,-2.00002,-0.499999,-0.00100139,-7.07408e-06,0.0038531,3.18294e-06
1.668000000,-2.00002,-0.499999,-0.00100139,-7.07466e-06,0.0038531,3.33207e-06
1.701000000,-2.00002,-0.499999,-0.00100139,-7.07524e-06,0.0038531,3.48119e-06
1.735000000,-2.00002,-0.499999,-0.00100139,-7.07583e-06,0.0038531,3.63484e-06
1.768000000,-2.00002,-0.499999,-0.00100139,-7.07641e-06,0.0038531,3.78396e-06
1.801000000,-2.00002,-0.499999,-0.00100139,-7.07699e-06,0.0038531,3.93309e-06
1.835000000,-2.00002,-0.499999,-0.00100139,-7.07758e-06,0.0038531,4.08673e-06
1.868000000,-2.00002,-0.499999,-0.00100139,-7.07816e-06,0.0038531,4.23586e-06
1.901000000,-2.00002,-0.499999,-0.00100139,-7.07874e-06,0.0038531,4.38498e-06
1.935000000,-2.00002,-0.499999,-0.00100139,-7.07934e-06,0.0038531,4.53863e-06
1.968000000,-2.00002,-0.499999,-0.00100139,-7.07991e-06,0.0038531,4.68776e-06
2.001000000,-2.00002,-0.499999,-0.00100139,-7.08049e-06,0.0038531,4.83688e-06
2.035000000,-2.00002,-0.499999,-0.00100139,-7.08108e-06,0.0038531,4.99053e-06
2.068000000,-2.00002,-0.499999,-0.00100139,-7.08166e-06,0.0038531,5.13966e-06
2.101000000,-2.00002,-0.499999,-0.00100139,-7.08224e-06,0.0038531,5.28879e-06
2.134000000,-2.00002,-0.499999,-0.00100139,-7.08283e-06,0.0038531,5.44243e-06
2.168000000,-2.00002,-0.499999,-0.00100139,-7.08341e-06,0.0038531,5.59156e-06
2.201000000,-2.00002,-0.499999,-0.00100139,-7.08398e-06,0.0038531,5.74069e-06
2.235000000,-2.00002,-0.499999,-0.00100139,-7.08458e-06,0.0038531,5.89434e-06
2.268000000,-1.99958,-0.499998,-0.00100107,-7.14938e-06,0.00384785,7.19626e-06
2.301000000,-1.99829,-0.499999,-0.00100113,-7.196e-06,0.00384834,7.13304e-06
2.335000000,-1.99606,-0.499999,-0.00100123,-7.26552e-06,0.00384908,6.40195e-06
2.368000000,-1.99304,-0.499999,-0.00100136,-7.35077e-06,0.0038501,4.40375e-06
2.400000000,-1.98919,-0.499999,-0.00100153,-7.44662e-06,0.00385154,6.37954e-08
2.434000000,-1.98441,-0.500001,-0.00100174,-7.53972e-06,0.00385348,-8.83479e-06
2.468000000,-1.97909,-0.500001,-0.00100152,-7.50758e-06,0.00385417,-1.22724e-05
2.501000000,-1.97384,-0.5,-0.00100089,-6.45075e-06,0.00385111,-7.576e-06
2.535000000,-1.96899,-0.499998,-0.00100114,-3.23712e-06,0.00385274,2.39931e-05
2.568000000,-1.96456,-0.499992,-0.0010012,-8.51896e-06,0.00385315,0.00153139
2.601000000,-1.96033,-0.499967,-0.00100124,-1.90474e-05,0.00385321,0.00437108
2.634000000,-1.95615,-0.499915,-0.00100127,-3.33492e-05,0.00385339,0.00813139
2.668000000,-1.95215,-0.499838,-0.00100166,-5.72597e-05,0.00385381,0.0115578
2.701000000,-1.9481,-0.499726,-0.0010005,-6.36059e-05,0.00384533,0.0149579
2.735000000,-1.94373,-0.499574,-0.00100045,-7.73179e-05,0.00384416,0.0185791
2.768000000,-1.93912,-0.499383,-0.00100049,-9.02243e-05,0.00384372,0.022012
2.801000000,-1.93398,-0.499139,-0.00100057,-0.000102048,0.00384365,0.0251454
2.835000000,-1.92799,-0.498821,-0.00100069,-0.000112579,0.00384398,0.0278884
2.868000000,-1.92221,-0.498488,-0.00100119,-0.000119469,0.00384887,0.02944
2.901000000,-1.91708,-0.498182,-0.00100176,-0.000126059,0.00385595,0.0308344
2.935000000,-1.91251,-0.497882,-0.0010017,-0.000146194,0.00385488,0.0360944
2.967000000,-1.90872,-0.497584,-0.00100137,-0.000174494,0.00384906,0.0436845
3.001000000,-1.905,-0.497232,-0.0010014,-0.000204616,0.00384786,0.0515376
3.035000000,-1.90117,-0.496809,-0.00100143,-0.000235649,0.0038464,0.0596257
3.068000000,-1.89728,-0.496313,-0.00100152,-0.000267999,0.00384421,0.0683909
3.101000000,-1.89312,-0.495702,-0.0010016,-0.000308901,0.00384208,0.0790513
3.135000000,-1.88867,-0.494941,-0.00100169,-0.000356458,0.00383895,0.0913722
3.167000000,-1.88428,-0.494078,-0.00100176,-0.000405056,0.00383502,0.103892
3.201000000,-1.8797,-0.493062,-0.0010012,-0.000450201,0.00382337,0.114107
3.235000000,-1.87457,-0.491829,-0.00100131,-0.000479461,0.00382039,0.121507
3.268000000,-1.86923,-0.490469,-0.00100132,-0.000504159,0.00381798,0.12801
3.301000000,-1.86384,-0.489006,-0.00100065,-0.000537035,0.00380983,0.137846
3.335000000,-1.85869,-0.487483,-0.00100112,-0.000579808,0.00380959,0.149491
3.368000000,-1.8538,-0.485913,-0.00100152,-0.000630898,0.0038001,0.161107
3.401000000,-1.84851,-0.484064,-0.00100165,-0.000687804,0.00379116,0.1757
3.435000000,-1.84273,-0.481818,-0.00100175,-0.000759547,0.00377857,0.194555
3.468000000,-1.837,-0.479322,-0.00100071,-0.000832683,0.00375727,0.215448
3.501000000,-1.83153,-0.476657,-0.00100082,-0.000907076,0.00374083,0.234864
3.535000000,-1.82593,-0.473648,-0.001001,-0.000982238,0.00372281,0.254725
3.568000000,-1.82043,-0.470412,-0.00100092,-0.00105771,0.00370217,0.274052
3.601000000,-1.81492,-0.466878,-0.00100033,-0.00112916,0.00367457,0.292102
3.635000000,-1.80922,-0.462883,-0.00100088,-0.00120405,0.00365484,0.310623
3.668000000,-1.80371,-0.458706,-0.00100127,-0.00127188,0.0036361,0.328447
3.701000000,-1.79836,-0.454319,-0.00100123,-0.00133972,0.0036113,0.346095
3.735000000,-1.79302,-0.449591,-0.00100121,-0.00140907,0.0035847,0.364153
3.768000000,-1.78817,-0.444974,-0.00100133,-0.00146732,0.00356257,0.379207
3.801000000,-1.78342,-0.440155,-0.00100123,-0.00152046,0.0035387,0.393349
3.835000000,-1.77854,-0.434886,-0.00100135,-0.00158071,0.00351374,0.408885
3.868000000,-1.77399,-0.429635,-0.00100108,-0.00163266,0.00348802,0.421801
3.901000000,-1.76955,-0.424238,-0.00100168,-0.0016744,0.00347314,0.43326
3.935000000,-1.76511,-0.418546,-0.00100097,-0.0017211,0.00344299,0.444953
3.968000000,-1.76097,-0.412943,-0.00100111,-0.00176687,0.00342072,0.456833
4.001000000,-1.75696,-0.407191,-0.00100143,-0.00181383,0.0033997,0.46897
4.035000000,-1.75299,-0.40115,-0.00100148,-0.00186229,0.00337377,0.481382
4.068000000,-1.74934,-0.395276,-0.0010017,-0.00189628,0.00335921,0.490278
4.101000000,-1.74577,-0.389297,-0.00100166,-0.00192644,0.00333945,0.497777
4.135000000,-1.74214,-0.382955,-0.00100179,-0.00195996,0.00332052,0.506227
4.168000000,-1.73874,-0.376737,-0.00100179,-0.00199224,0.00330162,0.514695
4.201000000,-1.73548,-0.370477,-0.00100125,-0.00201986,0.00328011,0.523256
4.235000000,-1.73224,-0.363938,-0.00100163,-0.00205563,0.00326118,0.531903
4.268000000,-1.72923,-0.35753,-0.00100174,-0.00208785,0.00324189,0.540238
4.301000000,-1.72634,-0.351072,-0.00100183,-0.00211948,0.00322255,0.548476
4.335000000,-1.72351,-0.34439,-0.00100104,-0.00215114,0.00319278,0.556715
4.368000000,-1.72088,-0.33782,-0.00100139,-0.00218205,0.00317577,0.564854
4.401000000,-1.71837,-0.331179,-0.00100133,-0.00220914,0.00315634,0.571915
4.435000000,-1.71589,-0.324289,-0.00100132,-0.00223661,0.00313682,0.579047
4.468000000,-1.71366,-0.31777,-0.00100146,-0.00225602,0.003125,0.583804
4.501000000,-1.71147,-0.311165,-0.00100124,-0.00226898,0.00311169,0.587631
4.535000000,-1.70923,-0.304141,-0.00100142,-0.00228906,0.00309978,0.592527
4.568000000,-1.70712,-0.297276,-0.00100153,-0.00230322,0.00309025,0.596075
4.601000000,-1.70507,-0.290388,-0.00100165,-0.00231702,0.00308112,0.599509
4.635000000,-1.70302,-0.283272,-0.00100181,-0.00233129,0.00307191,0.603036
4.667000000,-1.70115,-0.276589,-0.00100073,-0.00233911,0.00305722,0.606307
4.701000000,-1.69939,-0.270071,-0.00100217,-0.00235694,0.0030559,0.609375
4.735000000,-1.69762,-0.263363,-0.0010019,-0.00237021,0.00304261,0.612414
4.768000000,-1.69597,-0.256854,-0.00100049,-0.00237052,0.00302847,0.615141
4.801000000,-1.69432,-0.25018,-0.00100048,-0.00238005,0.00302025,0.61775
4.835000000,-1.6926,-0.243016,-0.00100167,-0.00239648,0.00302021,0.620098
4.868000000,-1.69095,-0.235997,-0.00100147,-0.00240296,0.00301284,0.622118
4.901000000,-1.68934,-0.228969,-0.0010014,-0.00241026,0.00300635,0.624132
4.935000000,-1.68771,-0.221718,-0.00100137,-0.002418,0.00299986,0.626202
4.968000000,-1.68622,-0.214939,-0.00100141,-0.00242066,0.00299832,0.62684
5.001000000,-1.68476,-0.208274,-0.00100143,-0.00242064,0.00299825,0.62684
5.035000000,-1.68326,-0.201405,-0.00100149,-0.00242091,0.00299872,0.626839
5.068000000,-1.68178,-0.194638,-0.0010016,-0.00242587,0.00299474,0.628349
5.101000000,-1.68028,-0.187605,-0.00100171,-0.0024297,0.00299399,0.628887
5.135000000,-1.67871,-0.180285,-0.00100189,-0.00243053,0.00299497,0.628876
5.168000000,-1.67719,-0.173184,-0.0010021,-0.00243127,0.00299654,0.628858
5.200000000,-1.67566,-0.16605,-0.00100223,-0.00242951,0.00299936,0.628016
5.235000000,-1.67406,-0.158707,-0.00100178,-0.00242298,0.00299941,0.626478
5.268000000,-1.67248,-0.151612,-0.00100128,-0.00240979,0.00300537,0.624406
5.301000000,-1.67085,-0.144484,-0.00100169,-0.00240439,0.00301378,0.622021
5.335000000,-1.66913,-0.137152,-0.00100156,-0.002394,0.00302068,0.619565
5.368000000,-1.66743,-0.130073,-0.00100145,-0.0023887,0.00302373,0.618398
5.401000000,-1.66571,-0.122998,-0.00100142,-0.00238465,0.00302677,0.617393
5.435000000,-1.66391,-0.115712,-0.00100141,-0.00238051,0.00302992,0.616355
5.468000000,-1.66214,-0.108624,-0.00100145,-0.00237261,0.00303647,0.614252
5.501000000,-1.66033,-0.10154,-0.00100151,-0.00236453,0.00304345,0.612063
5.535000000,-1.65842,-0.0942517,-0.00100162,-0.00235636,0.00305083,0.609801
5.568000000,-1.65653,-0.0871844,-0.00100177,-0.00234822,0.00305855,0.607488
5.601000000,-1.65459,-0.0801283,-0.00100192,-0.00234006,0.00306627,0.60517
5.635000000,-1.65255,-0.0728722,-0.00100207,-0.00233151,0.0030742,0.602777
5.667000000,-1.65054,-0.0658739,-0.00100251,-0.0023217,0.00308606,0.599685
5.700000000,-1.6485,-0.0589187,-0.0010009,-0.00230038,0.00308583,0.596117
5.735000000,-1.6463,-0.0517678,-0.00100133,-0.00228923,0.00309791,0.592018
5.768000000,-1.64408,-0.0447746,-0.00100161,-0.00227283,0.00311324,0.587966
5.801000000,-1.64178,-0.0377971,-0.00100156,-0.00225678,0.0031245,0.583895
5.835000000,-1.63933,-0.0306319,-0.00100148,-0.00224013,0.00313575,0.579683
5.868000000,-1.6369,-0.0237159,-0.00100145,-0.00222697,0.00314487,0.576312
5.901000000,-1.63442,-0.016818,-0.00100144,-0.0022141,0.00315379,0.57297
5.935000000,-1.63179,-0.00973135,-0.00100149,-0.00220115,0.00316322,0.569515
5.968000000,-1.62917,-0.00285548,-0.00100159,-0.00218453,0.00317567,0.565002
6.001000000,-1.62648,0.00399599,-0.00100171,-0.0021675,0.00318834,0.560383
6.035000000,-1.62362,0.0110232,-0.00100184,-0.00214989,0.00320137,0.555609
6.068000000,-1.62076,0.0178158,-0.00100201,-0.00213177,0.00321498,0.550624
6.101000000,-1.61782,0.0245678,-0.00100197,-0.00211167,0.00322831,0.545648
6.135000000,-1.61472,0.0314853,-0.00100203,-0.00209203,0.00324169,0.540508
6.168000000,-1.61162,0.0381668,-0.00100189,-0.00207077,0.00325398,0.535468
6.200000000,-1.60854,0.0446054,-0.00100221,-0.00206004,0.00326515,0.531549
6.235000000,-1.60556,0.050749,-0.00100183,-0.00204694,0.00326871,0.530152
6.267000000,-1.60269,0.0566324,-0.00100112,-0.00204516,0.00326236,0.528962
6.301000000,-1.59987,0.0623753,-0.00100145,-0.00204782,0.00326448,0.529812
6.335000000,-1.59703,0.0682288,-0.00100141,-0.0020543,0.00325998,0.531529
6.368000000,-1.59419,0.074132,-0.00100108,-0.00206088,0.00325118,0.53332
6.401000000,-1.59125,0.0803557,-0.00100114,-0.00207481,0.00324273,0.53695
6.435000000,-1.58817,0.0870409,-0.00100144,-0.0020963,0.00323315,0.542235
6.468000000,-1.58535,0.0933833,-0.00100118,-0.00212089,0.00321701,0.549164
6.501000000,-1.58277,0.0995045,-0.00100157,-0.0021556,0.00319514,0.557485
6.535000000,-1.58025,0.105862,-0.00100168,-0.00218886,0.00317353,0.566016
6.568000000,-1.57784,0.112295,-0.00100192,-0.00222195,0.0031519,0.574625
6.601000000,-1.57551,0.118957,-0.00100197,-0.00225879,0.00312702,0.583983
6.634000000,-1.57328,0.125872,-0.00100225,-0.00229637,0.00310258,0.593545
6.668000000,-1.57123,0.13257,-0.001001,-0.00232707,0.00306674,0.602635
6.701000000,-1.56938,0.139244,-0.00100124,-0.00235387,0.00305075,0.610678
6.735000000,-1.56766,0.145997,-0.00100206,-0.00238206,0.00303679,0.616091
6.768000000,-1.56608,0.152492,-0.0010011,-0.00239792,0.00301159,0.621123
6.801000000,-1.56454,0.159296,-0.00100143,-0.00242474,0.0029955,0.627754
6.834000000,-1.56306,0.16645,-0.00100134,-0.00245245,0.0029714,0.635168
6.868000000,-1.56174,0.17343,-0.00100133,-0.00247781,0.00295021,0.641807
6.901000000,-1.56055,0.180434,-0.00100134,-0.00250301,0.00292903,0.648384
6.935000000,-1.55944,0.187672,-0.00100139,-0.00252891,0.00290723,0.655109
6.967000000,-1.55855,0.194247,-0.00100136,-0.00255916,0.00288374,0.662103
7.001000000,-1.5579,0.199976,-0.00100126,-0.00258981,0.00285471,0.67022
7.035000000,-1.55743,0.205144,-0.00100119,-0.00262433,0.00281971,0.679507
7.068000000,-1.55712,0.209763,-0.00100116,-0.00265711,0.00278829,0.688059
7.100000000,-1.55693,0.214195,-0.00100114,-0.00268622,0.0027597,0.695677
7.135000000,-1.55683,0.218648,-0.00100187,-0.00271434,0.00274041,0.70286
7.168000000,-1.55681,0.22288,-0.00100191,-0.00273895,0.00271703,0.709112
7.200000000,-1.55686,0.226929,-0.00100198,-0.00275982,0.00269695,0.714407
7.235000000,-1.55696,0.230833,-0.0010018,-0.00277611,0.00267859,0.718506
7.268000000,-1.55709,0.234488,-0.00100164,-0.00278793,0.0026625,0.721819
7.300000000,-1.55725,0.237829,-0.00100148,-0.00279601,0.00265628,0.724733
7.335000000,-1.55739,0.240629,-0.00100147,-0.00280357,0.00264814,0.72668
7.368000000,-1.55751,0.242718,-0.00100148,-0.00280648,0.00264516,0.727372
7.401000000,-1.5576,0.244172,-0.0010015,-0.00280557,0.00264647,0.727086
7.435000000,-1.55764,0.244992,-0.00100154,-0.00280133,0.00265144,0.725929
7.468000000,-1.55765,0.245176,-0.0010012,-0.00279467,0.00265277,0.724697
7.501000000,-1.55766,0.245228,-0.00100132,-0.00280043,0.00264406,0.725357
7.535000000,-1.55768,0.245691,-0.00100145,-0.00280567,0.00263803,0.726476
7.568000000,-1.55774,0.246694,-0.00100148,-0.0028091,0.00263454,0.727236
7.601000000,-1.55783,0.24824,-0.00100154,-0.00281239,0.00263185,0.728016
7.635000000,-1.55796,0.250374,-0.00100159,-0.00281759,0.00262719,0.72933
7.668000000,-1.55813,0.252921,-0.0010017,-0.00282734,0.00261831,0.731704
7.701000000,-1.55834,0.255765,-0.00100159,-0.0028394,0.00260841,0.735065
7.735000000,-1.5586,0.258732,-0.00100082,-0.00284477,0.00259257,0.738421
7.768000000,-1.55888,0.261748,-0.00100083,-0.00285684,0.00257902,0.741597
7.800000000,-1.55922,0.264929,-0.00100082,-0.00286633,0.00256817,0.744147
7.834000000,-1.5596,0.268425,-0.00100084,-0.00287342,0.00256055,0.745935
7.868000000,-1.55996,0.271515,-0.00100214,-0.0028904,0.00255965,0.746798
7.901000000,-1.56022,0.273813,-0.00100212,-0.00289093,0.0025587,0.746883
7.935000000,-1.5604,0.275345,-0.00100212,-0.00288908,0.00256063,0.746302
7.968000000,-1.56053,0.276495,-0.00100159,-0.00288437,0.00255648,0.746911
8.001000000,-1.56071,0.278005,-0.00100093,-0.00288112,0.00255071,0.748041
8.035000000,-1.56098,0.280211,-0.00100092,-0.00288728,0.00254502,0.749428
8.068000000,-1.56123,0.282199,-0.00100194,-0.00290488,0.00254122,0.750803
8.101000000,-1.56138,0.283352,-0.00100194,-0.00291091,0.00253399,0.752336
8.135000000,-1.56142,0.283674,-0.00100197,-0.0029181,0.00252589,0.754085
8.167000000,-1.56135,0.283177,-0.001002,-0.00292515,0.00251771,0.755853
8.201000000,-1.56116,0.281927,-0.00100206,-0.00293165,0.00251072,0.757469
8.235000000,-1.56085,0.279875,-0.0010021,-0.00293589,0.00250616,0.758566
8.268000000,-1.56044,0.277173,-0.00100216,-0.00293599,0.00250661,0.758589
8.301000000,-1.55994,0.273811,-0.0010022,-0.00293007,0.00251382,0.757093
8.335000000,-1.55936,0.269783,-0.001002,-0.00291596,0.0025253,0.754087
8.368000000,-1.55886,0.26607,-0.0010006,-0.00289575,0.00253038,0.752222
8.401000000,-1.55845,0.262944,-0.00100062,-0.00289655,0.00252982,0.752366
8.435000000,-1.55809,0.260315,-0.00100062,-0.00290555,0.00251955,0.754698
8.468000000,-1.5578,0.25834,-0.00100062,-0.0029222,0.00250007,0.75907
8.501000000,-1.55755,0.256891,-0.00100081,-0.00294732,0.00247483,0.765152
8.535000000,-1.55727,0.25535,-0.00100076,-0.00296421,0.00245338,0.76967
8.567000000,-1.55692,0.253541,-0.00100205,-0.00298224,0.002447,0.771304
8.600000000,-1.5565,0.251361,-0.0010009,-0.00296828,0.00245195,0.770286
8.635000000,-1.55603,0.248793,-0.00100097,-0.00295844,0.0024652,0.767593
8.668000000,-1.5556,0.2464,-0.00100131,-0.00295786,0.00246589,0.766594
8.701000000,-1.55527,0.244528,-0.00100155,-0.00296343,0.00245988,0.767464
8.735000000,-1.55504,0.243317,-0.00100153,-0.00297055,0.00245095,0.769362
8.767000000,-1.55495,0.242839,-0.0010016,-0.00298215,0.00243883,0.772171
8.800000000,-1.55497,0.242926,-0.00100162,-0.00299641,0.00242155,0.775906
8.835000000,-1.55509,0.243512,-0.00100169,-0.003016,0.00239831,0.780894
8.868000000,-1.55527,0.244278,-0.00100195,-0.00303632,0.00237787,0.785622
8.900000000,-1.55541,0.244878,-0.00100185,-0.00304609,0.002363,0.78845
8.935000000,-1.55547,0.245105,-0.00100084,-0.00303875,0.00236235,0.788818
8.968000000,-1.55542,0.2449,-0.0010011,-0.00303509,0.00237344,0.787186
9.001000000,-1.55526,0.244221,-0.00100113,-0.00302055,0.00239253,0.783357
9.035000000,-1.55499,0.242984,-0.00100114,-0.00299722,0.002422,0.777255
9.068000000,-1.55472,0.241658,-0.00100108,-0.00297752,0.00244466,0.77226
9.101000000,-1.5545,0.240519,-0.00100101,-0.00297009,0.00245218,0.770523
9.135000000,-1.55437,0.23981,-0.00100151,-0.0029748,0.00244564,0.770591
9.168000000,-1.55437,0.239805,-0.00100161,-0.00297947,0.00244196,0.771461
9.201000000,-1.55447,0.240327,-0.00100162,-0.00298559,0.00243476,0.773062
9.235000000,-1.55468,0.24138,-0.00100167,-0.00299603,0.00242285,0.775725
9.268000000,-1.55495,0.242667,-0.00100193,-0.00300835,0.00241278,0.778386
9.301000000,-1.5552,0.243804,-0.00100134,-0.00300624,0.00240922,0.77919
9.334000000,-1.55536,0.244505,-0.00100085,-0.0029966,0.00241616,0.777762
9.368000000,-1.5554,0.244694,-0.00100106,-0.00298538,0.00243459,0.774356
9.400000000,-1.55535,0.244394,-0.00100117,-0.00296485,0.00246181,0.768839
9.435000000,-1.5552,0.243524,-0.0010012,-0.00293491,0.00249806,0.761001
9.468000000,-1.55506,0.242532,-0.00100108,-0.00290862,0.00252626,0.754357
9.501000000,-1.55495,0.241709,-0.00100109,-0.00289622,0.00254069,0.751131
9.535000000,-1.5549,0.241287,-0.00100165,-0.00289734,0.00253971,0.750248
9.567000000,-1.55492,0.241491,-0.0010016,-0.00289873,0.00253718,0.750458
9.601000000,-1.55502,0.242213,-0.00100161,-0.00290209,0.00253353,0.75131
9.635000000,-1.55518,0.243472,-0.00100165,-0.00290933,0.00252609,0.753151
9.668000000,-1.55538,0.244908,-0.00100192,-0.00291693,0.0025224,0.754615
9.701000000,-1.55555,0.246112,-0.00100106,-0.00290907,0.00252377,0.754521
9.735000000,-1.55565,0.246813,-0.00100086,-0.00289826,0.00253341,0.752154
9.768000000,-1.55573,0.247451,-0.00100178,-0.00289969,0.00253895,0.750376
9.801000000,-1.55586,0.248457,-0.00100181,-0.00290257,0.00253614,0.751139
9.835000000,-1.55605,0.249871,-0.00100069,-0.00290421,0.00252285,0.754176
9.868000000,-1.55624,0.251243,-0.00100089,-0.00291555,0.0025141,0.756654
9.901000000,-1.5564,0.252346,-0.00100207,-0.00292677,0.00251362,0.756807
9.935000000,-1.5565,0.252966,-0.00100203,-0.00291893,0.00252229,0.754776
9.968000000,-1.55657,0.253528,-0.00100071,-0.00290107,0.00252636,0.753358
10.001000000,-1.55671,0.254528,-0.00100074,-0.00290415,0.00252299,0.754225
10.035000000,-1.55693,0.25607,-0.00100076,-0.00291354,0.00251227,0.756694
10.068000000,-1.55724,0.258106,-0.00100079,-0.00292713,0.00249651,0.760286
10.101000000,-1.55766,0.260681,-0.00100084,-0.00294381,0.0024786,0.7644
10.135000000,-1.5582,0.263729,-0.00100089,-0.00295595,0.00246475,0.767435
10.168000000,-1.55876,0.266827,-0.00100157,-0.00296527,0.00246524,0.767685
10.200000000,-1.55922,0.26939,-0.00100191,-0.0029651,0.00247062,0.76658
10.235000000,-1.55953,0.271122,-0.0010019,-0.00296256,0.00247337,0.765912
10.268000000,-1.55967,0.271913,-0.00100191,-0.00296239,0.00247367,0.765804
10.301000000,-1.55965,0.271834,-0.00100192,-0.00296374,0.00247188,0.766113
10.335000000,-1.55948,0.270876,-0.00100198,-0.00296642,0.00246932,0.766648
10.368000000,-1.55917,0.2691,-0.00100207,-0.00296889,0.0024673,0.767126
10.400000000,-1.5587,0.266501,-0.00100214,-0.00296948,0.00246736,0.767208
10.435000000,-1.55807,0.263003,-0.00100179,-0.00296237,0.00247071,0.76639
10.467000000,-1.55742,0.259219,-0.00100154,-0.0029469,0.00248381,0.76317
10.501000000,-1.55681,0.255388,-0.0010016,-0.00293333,0.00250053,0.759519
10.535000000,-1.55622,0.251434,-0.00100164,-0.00291898,0.00251773,0.755731
10.568000000,-1.55573,0.247903,-0.0010005,-0.00289918,0.00252506,0.753095
10.601000000,-1.55534,0.244962,-0.00100052,-0.00289478,0.00253055,0.751958
10.635000000,-1.55502,0.242527,-0.00100052,-0.00289594,0.00252924,0.752247
10.668000000,-1.55478,0.240737,-0.00100051,-0.00290223,0.00252186,0.753911
10.701000000,-1.5546,0.239534,-0.00100051,-0.00291339,0.00250876,0.756857
10.735000000,-1.55451,0.238951,-0.00100058,-0.00293021,0.00249051,0.761101
10.768000000,-1.5545,0.238915,-0.00100083,-0.00294942,0.00247216,0.765722
10.801000000,-1.5545,0.23892,-0.00100066,-0.00295565,0.00246132,0.767772
10.835000000,-1.55447,0.238715,-0.00100188,-0.00296342,0.00247035,0.766849
10.867000000,-1.55433,0.23793,-0.00100242,-0.00295853,0.00248383,0.764423
10.901000000,-1.55409,0.236446,-0.00100244,-0.0029453,0.00249946,0.760925
10.935000000,-1.55375,0.234244,-0.00100241,-0.00292643,0.00252062,0.756129
10.968000000,-1.55343,0.231885,-0.00100218,-0.0029108,0.00253388,0.75247
11.001000000,-1.55316,0.229753,-0.00100045,-0.00288964,0.00253566,0.750572
11.034000000,-1.55294,0.228052,-0.00100048,-0.00288688,0.00253948,0.749823
11.068000000,-1.5528,0.226883,-0.00100047,-0.00288713,0.00253901,0.749913
11.101000000,-1.55271,0.226208,-0.00100047,-0.00289012,0.0025354,0.750726
11.134000000,-1.5527,0.22606,-0.00100047,-0.0028958,0.00252938,0.752195
11.168000000,-1.55275,0.226386,-0.00100049,-0.00290245,0.00252168,0.753955
11.201000000,-1.55287,0.22723,-0.00100053,-0.00290965,0.00251335,0.755853
11.235000000,-1.55309,0.228739,-0.0010006,-0.00291715,0.00250509,0.757778
11.268000000,-1.55343,0.230907,-0.00100067,-0.00292429,0.00249741,0.759571
11.301000000,-1.55382,0.233428,-0.00100096,-0.00292496,0.00250203,0.759181
11.335000000,-1.55415,0.235596,-0.00100148,-0.0029222,0.00251398,0.75717
11.367000000,-1.55445,0.237671,-0.00100085,-0.00290809,0.00251781,0.755066
11.401000000,-1.55485,0.240528,-0.00100106,-0.00290277,0.00252772,0.753201
11.435000000,-1.55532,0.244084,-0.00100118,-0.00289055,0.00254293,0.749758
11.467000000,-1.55581,0.248213,-0.00100151,-0.00287791,0.00256445,0.745498
11.501000000,-1.5563,0.252858,-0.00100151,-0.00285753,0.00258668,0.740201
11.535000000,-1.55674,0.257815,-0.00100156,-0.00283428,0.00261213,0.734078
11.568000000,-1.55705,0.262325,-0.00100165,-0.00280954,0.00264115,0.727147
11.601000000,-1.55726,0.266803,-0.00100185,-0.00277574,0.0026753,0.718277
11.635000000,-1.55735,0.271646,-0.00100191,-0.00273738,0.00271688,0.708121
11.667000000,-1.5573,0.276595,-0.00100213,-0.00270314,0.00275137,0.699067
11.701000000,-1.55713,0.281919,-0.00100093,-0.00266699,0.00277499,0.692092
11.735000000,-1.55686,0.287503,-0.00100104,-0.00264298,0.00280032,0.685692
11.766000000,-1.55648,0.293046,-0.00100105,-0.00261644,0.00282465,0.678892
11.801000000,-1.55599,0.298561,-0.00100136,-0.00259254,0.00285049,0.670931
11.835000000,-1.55537,0.304118,-0.00100168,-0.00255256,0.00288954,0.66081
11.867000000,-1.55458,0.309724,-0.00100146,-0.00250598,0.00292562,0.649718
11.900000000,-1.55352,0.315842,-0.00100169,-0.0024577,0.00296846,0.636666
11.934000000,-1.55208,0.322623,-0.00100128,-0.00239762,0.00301371,0.620427
11.968000000,-1.55036,0.329297,-0.00100141,-0.00233493,0.00306383,0.603697
12.001000000,-1.54834,0.335974,-0.00100155,-0.00227271,0.00311117,0.58718
12.035000000,-1.54593,0.342912,-0.00100165,-0.0022103,0.0031569,0.57083
12.068000000,-1.54329,0.349699,-0.00100171,-0.00215257,0.00319712,0.55574
12.101000000,-1.54038,0.356504,-0.00100095,-0.0020932,0.00322908,0.541997
12.135000000,-1.53708,0.363517,-0.00100175,-0.0020464,0.00326755,0.528829
12.167000000,-1.53381,0.369963,-0.00100124,-0.00199508,0.00329322,0.516418
12.201000000,-1.53042,0.376184,-0.00100154,-0.00195137,0.00332347,0.504517
12.235000000,-1.52676,0.382494,-0.00100151,-0.00190353,0.00335088,0.492153
12.268000000,-1.52305,0.388493,-0.00100151,-0.0018592,0.00337576,0.480633
12.301000000,-1.51918,0.394392,-0.00100156,-0.0018149,0.00340011,0.469044
12.335000000,-1.51503,0.400362,-0.00100166,-0.00176932,0.00342492,0.457016
12.368000000,-1.51066,0.40631,-0.00100189,-0.00172531,0.00344755,0.445121
12.401000000,-1.50605,0.412253,-0.00100194,-0.00168113,0.00347113,0.433673
12.435000000,-1.50117,0.418219,-0.00100211,-0.00163722,0.00349367,0.422062
12.468000000,-1.49629,0.423891,-0.00100175,-0.00159223,0.00351161,0.411243
12.500000000,-1.49128,0.429438,-0.00100183,-0.00155103,0.0035307,0.400449
12.535000000,-1.48599,0.435027,-0.0010018,-0.00150742,0.00354943,0.38927
12.568000000,-1.48077,0.440289,-0.00100176,-0.00146974,0.00356481,0.379814
12.600000000,-1.47544,0.445463,-0.00100193,-0.00143459,0.0035809,0.370736
12.635000000,-1.46986,0.450661,-0.00100127,-0.00139983,0.00358842,0.361134
12.668000000,-1.46432,0.455615,-0.00100146,-0.00136126,0.0036048,0.351237
12.699000000,-1.45866,0.46046,-0.00100168,-0.0013235,0.00362091,0.341356
12.735000000,-1.45272,0.465325,-0.00100177,-0.00128502,0.00363528,0.331126
12.768000000,-1.44709,0.469746,-0.00100173,-0.00124724,0.00364812,0.321329
12.801000000,-1.44148,0.473962,-0.00100195,-0.00121278,0.0036613,0.311963
12.835000000,-1.43564,0.478183,-0.00100191,-0.00117512,0.0036736,0.302351
12.868000000,-1.43,0.482076,-0.0010009,-0.00112647,0.00368061,0.29158
12.901000000,-1.42437,0.485776,-0.00100219,-0.00109706,0.00370079,0.281639
12.935000000,-1.41868,0.489361,-0.00100156,-0.00105786,0.00370632,0.27256
12.968000000,-1.4128,0.49292,-0.00100095,-0.00102171,0.00370941,0.264202
13.001000000,-1.40643,0.496629,-0.00100148,-0.00099713,0.00372262,0.257015
13.035000000,-1.3998,0.500366,-0.0010015,-0.000969061,0.0037301,0.24976
13.068000000,-1.39331,0.503896,-0.00100157,-0.000943655,0.00373726,0.24314
13.101000000,-1.38678,0.507338,-0.00100169,-0.000918363,0.00374451,0.236513
13.135000000,-1.38,0.510792,-0.00100184,-0.000892467,0.00375192,0.229667
13.168000000,-1.37338,0.514051,-0.001002,-0.000868951,0.00375863,0.223395
13.201000000,-1.36672,0.517224,-0.0010022,-0.000845288,0.00376556,0.217117
13.235000000,-1.35984,0.520393,-0.00100194,-0.000822508,0.00376819,0.210575
13.268000000,-1.3532,0.52335,-0.00100134,-0.000786489,0.00377265,0.203669
13.300000000,-1.34665,0.526145,-0.00100146,-0.000765549,0.00377635,0.196743
13.335000000,-1.34002,0.52887,-0.00100166,-0.000741769,0.00378311,0.190545
13.368000000,-1.33332,0.531527,-0.00100069,-0.00071649,0.00377839,0.18443
13.401000000,-1.32644,0.534161,-0.00100144,-0.000696369,0.00378982,0.178872
13.435000000,-1.31933,0.536792,-0.00100145,-0.000674579,0.00379398,0.173194
13.468000000,-1.31264,0.539181,-0.00100145,-0.000652397,0.00379775,0.167394
13.501000000,-1.30608,0.541439,-0.00100152,-0.000632666,0.00380171,0.162194
13.535000000,-1.29931,0.543689,-0.0010016,-0.00061273,0.00380554,0.156905
13.568000000,-1.29243,0.545892,-0.00100157,-0.000591574,0.00380882,0.151485
13.601000000,-1.28539,0.54806,-0.00100189,-0.000569675,0.00381431,0.145399
13.635000000,-1.2781,0.550202,-0.00100207,-0.000546315,0.0038191,0.139141
13.668000000,-1.27102,0.552192,-0.00100165,-0.000520975,0.00382003,0.13349
13.700000000,-1.26392,0.554099,-0.00100181,-0.000500185,0.00382385,0.127896
13.735000000,-1.25657,0.555982,-0.00100179,-0.000477106,0.00382668,0.122041
13.768000000,-1.24943,0.557727,-0.00100181,-0.000454433,0.00382975,0.116337
13.801000000,-1.2423,0.559382,-0.0010012,-0.000436112,0.00382648,0.110787
13.835000000,-1.2349,0.561011,-0.00100154,-0.000412509,0.00383213,0.105279
13.868000000,-1.22771,0.562516,-0.00100154,-0.000393011,0.00383425,0.100198
13.901000000,-1.2205,0.563947,-0.00100152,-0.000373862,0.0038359,0.0951133
13.934000000,-1.21305,0.565345,-0.00100156,-0.000354229,0.00383799,0.0898693
13.968000000,-1.20582,0.566629,-0.00100163,-0.000337657,0.00383987,0.0854143
14.001000000,-1.19858,0.567849,-0.00100174,-0.000321241,0.00384207,0.0809775
14.035000000,-1.19111,0.569038,-0.00100185,-0.000304278,0.00384423,0.0764123
14.068000000,-1.18387,0.570132,-0.00100205,-0.000293074,0.00384658,0.0732817
14.101000000,-1.17668,0.571176,-0.00100104,-0.000276528,0.00384086,0.0706219
14.135000000,-1.16925,0.572213,-0.00100152,-0.000267989,0.00384479,0.0677738
14.168000000,-1.16201,0.573183,-0.00100162,-0.000257825,0.00384624,0.0650723
14.200000000,-1.15476,0.574114,-0.00100159,-0.000246735,0.00384686,0.0623738
14.235000000,-1.14729,0.575032,-0.00100159,-0.000235522,0.00384764,0.0595872
14.268000000,-1.14003,0.575884,-0.00100164,-0.000225213,0.0038487,0.0570305
14.301000000,-1.13278,0.576698,-0.00100161,-0.000215791,0.00384904,0.0544345
14.335000000,-1.1253,0.577497,-0.00100167,-0.000205498,0.00385014,0.0517663
14.368000000,-1.11824,0.578214,-0.00100194,-0.000194072,0.00385376,0.0491831
14.401000000,-1.11139,0.578875,-0.00100162,-0.000187551,0.00385038,0.0468282
14.435000000,-1.10434,0.579522,-0.00100169,-0.000179404,0.00385111,0.0444855
14.468000000,-1.09746,0.580111,-0.00100189,-0.000164835,0.00385203,0.0401266
14.501000000,-1.09033,0.580659,-0.00100198,-0.000152252,0.00385457,0.0369054
14.535000000,-1.08283,0.581198,-0.00100188,-0.000143346,0.00385414,0.0347261
14.568000000,-1.07558,0.581691,-0.00100114,-0.000132933,0.00384896,0.0330864
14.601000000,-1.06831,0.582162,-0.00100157,-0.000128506,0.00385223,0.0313335
14.635000000,-1.06081,0.582619,-0.00100153,-0.000121139,0.00385225,0.0295291
14.668000000,-1.05353,0.583037,-0.00100151,-0.000113655,0.00385239,0.0277218
14.701000000,-1.04625,0.583429,-0.00100152,-0.000106171,0.00385277,0.0259126
14.735000000,-1.03874,0.583806,-0.00100155,-9.85937e-05,0.00385324,0.0240434
14.768000000,-1.03146,0.584144,-0.0010016,-9.13299e-05,0.00385385,0.0222211
14.801000000,-1.02417,0.584457,-0.00100173,-8.46864e-05,0.00385512,0.0205398
14.835000000,-1.01667,0.584752,-0.00100169,-7.87505e-05,0.00385473,0.0187716
14.868000000,-1.00939,0.585017,-0.00100169,-7.47196e-05,0.00385462,0.0174591
14.901000000,-1.00211,0.585262,-0.00100177,-7.04795e-05,0.00385522,0.016152
14.935000000,-0.994611,0.585495,-0.00100184,-6.61465e-05,0.00385572,0.0148115
14.968000000,-0.987335,0.585703,-0.00100198,-6.27671e-05,0.00385668,0.0136372
15.000000000,-0.980083,0.585894,-0.00100137,-5.51163e-05,0.00385279,0.0126075
15.035000000,-0.97262,0.586076,-0.0010013,-5.0925e-05,0.00385203,0.0115967
15.068000000,-0.965346,0.586237,-0.00100158,-4.86686e-05,0.00385417,0.0106028
15.101000000,-0.958072,0.586385,-0.00100149,-4.42642e-05,0.00385359,0.00961182
15.135000000,-0.950576,0.586522,-0.00100146,-3.98912e-05,0.00385352,0.0085893
15.168000000,-0.943641,0.586637,-0.00100151,-3.75925e-05,0.00385415,0.00808393
15.201000000,-0.936808,0.586745,-0.00100151,-3.6023e-05,0.00385402,0.00778544
15.235000000,-0.929768,0.586853,-0.00100156,-3.45969e-05,0.00385448,0.00747186
15.268000000,-0.922686,0.586952,-0.00100177,-2.84065e-05,0.00385598,0.00616506
15.301000000,-0.915481,0.587031,-0.00100125,-2.75711e-05,0.00385149,0.00465833
15.335000000,-0.908011,0.587091,-0.00100178,-2.02274e-05,0.00385629,0.00342886
15.368000000,-0.900731,0.587134,-0.00100179,-1.72301e-05,0.00385596,0.00234513
15.401000000,-0.893451,0.587161,-0.00100185,-1.38551e-05,0.00385635,0.00126562
15.435000000,-0.885954,0.587172,-0.00100198,-1.07346e-05,0.00385721,0.00017056
15.468000000,-0.878697,0.587169,-0.00100148,-4.44445e-06,0.00385398,-0.000668068
15.501000000,-0.871453,0.587155,-0.00100124,-4.15709e-07,0.00385195,-0.00143083
15.535000000,-0.863959,0.587126,-0.0010016,1.24591e-06,0.00385456,-0.00238475
15.568000000,-0.856687,0.587086,-0.00100149,4.91864e-06,0.00385379,-0.00318303
15.601000000,-0.849414,0.587034,-0.00100145,8.39243e-06,0.00385359,-0.00398253
15.635000000,-0.84192,0.586969,-0.00100146,1.19459e-05,0.00385368,-0.00480762
15.668000000,-0.834647,0.586894,-0.00100149,1.48329e-05,0.00385401,-0.00545699
15.701000000,-0.827374,0.586811,-0.00100157,1.774e-05,0.00385463,-0.00611118
15.735000000,-0.819881,0.586714,-0.00100175,2.11831e-05,0.00385614,-0.00680478
15.768000000,-0.812622,0.586612,-0.00100189,2.34343e-05,0.00385742,-0.00743104
15.801000000,-0.80539,0.586499,-0.00100128,2.12703e-05,0.0038516,-0.00825763
15.835000000,-0.797908,0.586371,-0.00100169,2.59936e-05,0.00385509,-0.00889066
15.868000000,-0.790637,0.586237,-0.00100174,2.81736e-05,0.00385548,-0.0095635
15.901000000,-0.783366,0.586094,-0.00100177,3.05306e-05,0.00385566,-0.0102286
15.935000000,-0.775879,0.585936,-0.00100174,3.33183e-05,0.00385544,-0.0108903
15.968000000,-0.768617,0.585774,-0.00100164,3.5679e-05,0.00385473,-0.0114047
16.001000000,-0.761354,0.585605,-0.00100162,3.76476e-05,0.00385449,-0.0119213
16.035000000,-0.753869,0.585423,-0.00100154,4.02842e-05,0.00385395,-0.0124608
16.068000000,-0.746935,0.585247,-0.00100146,4.1152e-05,0.00385371,-0.0125104
16.101000000,-0.740119,0.58508,-0.00100149,3.97314e-05,0.00385368,-0.0120714
16.135000000,-0.733095,0.584913,-0.00100151,3.85197e-05,0.00385397,-0.01162
16.168000000,-0.72597,0.584746,-0.00100146,3.91092e-05,0.00385339,-0.01188
16.200000000,-0.718706,0.584572,-0.00100168,4.13412e-05,0.00385541,-0.0121177
16.235000000,-0.711224,0.584389,-0.00100191,4.32658e-05,0.00385736,-0.0123902
16.268000000,-0.703989,0.584206,-0.00100128,4.0005e-05,0.00385165,-0.0130015
16.300000000,-0.696754,0.584013,-0.00100139,4.22239e-05,0.00385215,-0.0136274
16.335000000,-0.689269,0.583806,-0.00100175,4.55744e-05,0.00385538,-0.0140468
16.367000000,-0.682007,0.5836,-0.00100176,4.65674e-05,0.00385542,-0.0143604
16.401000000,-0.674746,0.58339,-0.00100177,4.77049e-05,0.00385554,-0.0146555
16.435000000,-0.667269,0.583169,-0.00100172,4.90355e-05,0.00385515,-0.0149386
16.468000000,-0.660013,0.582951,-0.00100162,4.98628e-05,0.00385437,-0.0150642
16.501000000,-0.652757,0.582732,-0.00100153,5.08175e-05,0.00385376,-0.015187
16.535000000,-0.64528,0.582504,-0.00100149,5.17609e-05,0.00385345,-0.0153158
16.568000000,-0.63802,0.582279,-0.00100148,5.3121e-05,0.00385346,-0.0155603
16.601000000,-0.630758,0.582052,-0.00100151,5.45796e-05,0.00385371,-0.0158068
16.635000000,-0.623276,0.581813,-0.00100157,5.60552e-05,0.00385425,-0.0160637
16.668000000,-0.616116,0.581576,-0.00100123,5.81786e-05,0.00385162,-0.0176471
16.701000000,-0.609249,0.581327,-0.00100193,6.59301e-05,0.00385694,-0.0182794
16.734000000,-0.602242,0.581069,-0.00100185,6.57957e-05,0.00385663,-0.0185866
16.768000000,-0.595686,0.580826,-0.00100204,6.51318e-05,0.00385848,-0.0181689
16.801000000,-0.589334,0.580595,-0.00100176,6.27295e-05,0.0038557,-0.0182433
16.834000000,-0.582799,0.580355,-0.00100175,6.22996e-05,0.00385516,-0.0183796
16.868000000,-0.576457,0.580121,-0.00100178,6.24274e-05,0.00385538,-0.0185019
16.901000000,-0.569984,0.579886,-0.00100055,6.17809e-05,0.00384528,-0.0174782
16.935000000,-0.563091,0.579659,-0.0010008,5.569e-05,0.00384805,-0.0154615
16.968000000,-0.556172,0.579454,-0.0010008,5.18037e-05,0.00384772,-0.0144386
17.001000000,-0.548965,0.579243,-0.00100151,5.08816e-05,0.0038537,-0.0150238
17.035000000,-0.541473,0.579011,-0.00100145,5.51526e-05,0.00385328,-0.0159986
17.068000000,-0.534217,0.578778,-0.00100144,5.56797e-05,0.0038533,-0.0160337
17.101000000,-0.52696,0.578546,-0.00100148,5.60212e-05,0.00385358,-0.0160265
17.135000000,-0.519482,0.578306,-0.00100155,5.63848e-05,0.00385423,-0.0160218
17.168000000,-0.512221,0.578073,-0.00100165,5.69364e-05,0.00385496,-0.0161496
17.201000000,-0.504961,0.577837,-0.00100183,5.78505e-05,0.00385642,-0.0162916
17.234000000,-0.497501,0.577593,-0.00100158,5.57489e-05,0.00385431,-0.0165898
17.268000000,-0.490289,0.577351,-0.00100133,5.46705e-05,0.00385151,-0.0170836
17.301000000,-0.483021,0.577094,-0.00100177,6.20945e-05,0.00385519,-0.0184081
17.334000000,-0.475521,0.576808,-0.00100181,6.7668e-05,0.00385548,-0.0198435
17.368000000,-0.468404,0.57651,-0.00100218,7.53754e-05,0.00385833,-0.0222993
17.401000000,-0.461451,0.576186,-0.00100213,8.26605e-05,0.00385808,-0.0242099
17.434000000,-0.454408,0.575836,-0.00100159,9.00199e-05,0.0038533,-0.0255055
17.468000000,-0.447294,0.575467,-0.00100163,9.39569e-05,0.00385408,-0.0264646
17.501000000,-0.44003,0.575075,-0.00100148,9.80237e-05,0.00385247,-0.027386
17.535000000,-0.432545,0.574658,-0.00100146,0.00010211,0.00385225,-0.0283374
17.568000000,-0.425287,0.574243,-0.00100148,0.000104499,0.00385244,-0.0288504
17.601000000,-0.418028,0.57382,-0.00100154,0.000106848,0.00385286,-0.0293593
17.635000000,-0.410549,0.573376,-0.00100164,0.000109232,0.00385363,-0.029888
17.668000000,-0.403292,0.572939,-0.00100176,0.000111054,0.00385462,-0.030269
17.701000000,-0.396039,0.572497,-0.00100199,0.000113387,0.00385653,-0.0306816
17.735000000,-0.388606,0.572036,-0.00100136,0.000109993,0.00385072,-0.0313814
17.768000000,-0.38137,0.571576,-0.00100172,0.000114969,0.00385379,-0.0321609
17.801000000,-0.374114,0.571105,-0.00100183,0.000117757,0.00385445,-0.0327873
17.835000000,-0.366645,0.57061,-0.00100171,0.000120458,0.00385356,-0.0333993
17.868000000,-0.359397,0.570121,-0.00100162,0.000122791,0.00385278,-0.0339818
17.901000000,-0.352145,0.569622,-0.00100165,0.000125417,0.00385284,-0.0347227
17.935000000,-0.344673,0.569097,-0.00100153,0.000128985,0.00385186,-0.0354917
17.968000000,-0.337436,0.568583,-0.00100146,0.000128779,0.00385147,-0.0353269
18.001000000,-0.330199,0.568072,-0.00100144,0.000128303,0.00385135,-0.0351167
18.035000000,-0.32274,0.567549,-0.00100146,0.00012783,0.00385154,-0.0349015
18.068000000,-0.315502,0.567045,-0.00100151,0.000126844,0.00385208,-0.0345489
18.101000000,-0.308263,0.566546,-0.00100162,0.000125897,0.00385298,-0.0341989
18.135000000,-0.300803,0.566037,-0.00100172,0.000124754,0.00385388,-0.0338444
18.167000000,-0.29377,0.565566,-0.00100128,0.000117307,0.00385041,-0.0331329
18.201000000,-0.286948,0.565117,-0.00100162,0.000116256,0.00385302,-0.0323949
18.235000000,-0.279954,0.564668,-0.00100166,0.000112989,0.00385311,-0.0317297
18.268000000,-0.273022,0.56423,-0.00100162,0.00010791,0.00385182,-0.0312934
18.301000000,-0.265887,0.563789,-0.00100181,0.000108358,0.00385463,-0.0303894
18.335000000,-0.258479,0.563346,-0.00100136,0.000106673,0.00385109,-0.0293732
18.368000000,-0.251244,0.562919,-0.00100162,0.000106746,0.00385316,-0.029793
18.401000000,-0.243989,0.562482,-0.00100157,0.000109487,0.00385282,-0.0304038
18.435000000,-0.236515,0.562022,-0.00100147,0.000112437,0.00385208,-0.0310366
18.468000000,-0.229261,0.561568,-0.00100144,0.000114565,0.00385185,-0.0315046
18.501000000,-0.222008,0.561107,-0.00100145,0.000116704,0.00385185,-0.0319739
18.535000000,-0.214533,0.560625,-0.0010015,0.000118917,0.00385222,-0.0324593
18.568000000,-0.2073,0.560159,-0.00100157,0.000116717,0.00385294,-0.0317924
18.601000000,-0.200064,0.559703,-0.00100167,0.00011414,0.00385381,-0.0310461
18.635000000,-0.19261,0.559245,-0.00100185,0.000111662,0.00385534,-0.0302906
18.668000000,-0.185396,0.558813,-0.00100177,0.000106605,0.00385488,-0.0295835
18.700000000,-0.178214,0.55839,-0.00100135,0.000100833,0.00385069,-0.0291035
18.735000000,-0.17077,0.557962,-0.00100173,0.000100335,0.00385409,-0.0282877
18.768000000,-0.163558,0.557555,-0.001002,9.89653e-05,0.00385592,-0.0283417
18.801000000,-0.156333,0.557144,-0.00100138,0.00010342,0.00385143,-0.0285491
18.835000000,-0.148862,0.556714,-0.00100163,0.000103477,0.00385352,-0.0289169
18.868000000,-0.141932,0.556307,-0.0010013,0.000107153,0.00385002,-0.0297266
18.900000000,-0.135112,0.555898,-0.00100149,0.000109001,0.00385228,-0.0302228
18.935000000,-0.128084,0.555469,-0.00100146,0.000111304,0.00385198,-0.0307341
18.968000000,-0.12131,0.555058,-0.00100142,0.000107473,0.00385188,-0.0296302
19.001000000,-0.11454,0.554664,-0.00100146,0.000102875,0.00385234,-0.0283577
19.035000000,-0.107563,0.554277,-0.00100152,9.81941e-05,0.00385303,-0.0270481
19.068000000,-0.100462,0.553895,-0.00100161,9.80981e-05,0.00385375,-0.0270313
19.101000000,-0.0932434,0.553508,-0.00100161,9.50234e-05,0.00385384,-0.0262579
19.135000000,-0.0857969,0.553124,-0.00100195,9.18899e-05,0.00385669,-0.0251417
19.168000000,-0.0786134,0.552769,-0.00100133,8.2572e-05,0.00385113,-0.024279
19.200000000,-0.0714096,0.552425,-0.00100169,8.07124e-05,0.00385427,-0.0232665
19.235000000,-0.0639589,0.552088,-0.00100182,7.58482e-05,0.00385533,-0.0220258
19.268000000,-0.0567282,0.551776,-0.00100195,7.10474e-05,0.00385659,-0.0209391
19.301000000,-0.0495023,0.551482,-0.00100188,6.72596e-05,0.00385627,-0.0198197
19.335000000,-0.0420518,0.551194,-0.00100161,6.39912e-05,0.00385406,-0.0186901
19.368000000,-0.0348166,0.55093,-0.00100153,6.07661e-05,0.00385365,-0.0177494
19.401000000,-0.0275798,0.550679,-0.00100147,5.7598e-05,0.00385325,-0.0168105
19.435000000,-0.0201219,0.550435,-0.00100145,5.42808e-05,0.00385322,-0.0158448
19.468000000,-0.0128843,0.550213,-0.00100147,5.05166e-05,0.00385347,-0.0147605
19.501000000,-0.00564503,0.550006,-0.00100152,4.67719e-05,0.00385402,-0.0136772
19.534000000,0.00181487,0.54981,-0.00100161,4.28785e-05,0.00385478,-0.0125661
19.568000000,0.00905783,0.549634,-0.00100174,3.97328e-05,0.00385595,-0.0116225
19.601000000,0.016293,0.549472,-0.00100191,3.63832e-05,0.00385751,-0.0107449
19.634000000,0.0237067,0.549318,-0.00100129,2.81177e-05,0.00385159,-0.0101392
19.668000000,0.0307225,0.549178,-0.00100211,3.26964e-05,0.00385975,-0.00990907
19.701000000,0.0375534,0.549044,-0.00100177,2.70771e-05,0.00385554,-0.00942118
19.735000000,0.0445734,0.548918,-0.00100177,2.42314e-05,0.00385575,-0.00857645
19.768000000,0.0514438,0.548808,-0.00100083,2.44426e-05,0.00384886,-0.00738021
19.801000000,0.0585037,0.548714,-0.00100081,1.87791e-05,0.00384851,-0.00588657
19.835000000,0.0659552,0.548632,-0.00100156,1.21106e-05,0.0038543,-0.00508203
19.868000000,0.0732036,0.548562,-0.0010015,1.05618e-05,0.00385392,-0.00458739
19.901000000,0.0804531,0.548499,-0.00100146,9.10006e-06,0.00385369,-0.00409519
19.935000000,0.0879237,0.548441,-0.00100147,7.5871e-06,0.00385381,-0.00359002
19.968000000,0.0951781,0.548391,-0.00100151,6.6332e-06,0.00385423,-0.00322224
20.001000000,0.102433,0.548347,-0.00100159,5.65945e-06,0.00385493,-0.0028592
20.035000000,0.109909,0.548307,-0.0010017,4.49247e-06,0.00385581,-0.00249365
20.068000000,0.117159,0.548275,-0.00100193,3.22816e-06,0.00385783,-0.00203043
20.101000000,0.124371,0.548247,-0.00100123,-3.29988e-06,0.00385135,-0.00184974
20.135000000,0.131819,0.548221,-0.00100167,-2.64606e-06,0.00385515,-0.00154513
20.167000000,0.139076,0.5482,-0.00100169,-3.50715e-06,0.0038552,-0.00132975
20.201000000,0.146334,0.548183,-0.00100175,-4.46225e-06,0.00385563,-0.00111284
20.235000000,0.153809,0.548168,-0.00100175,-5.37931e-06,0.00385563,-0.000868929
20.268000000,0.16106,0.548158,-0.0010017,-6.48762e-06,0.00385527,-0.00050945
20.300000000,0.168311,0.548153,-0.00100161,-7.5346e-06,0.00385465,-0.000144284
20.335000000,0.175781,0.548154,-0.00100153,-8.45764e-06,0.00385407,0.000233913
20.368000000,0.182725,0.548155,-0.00100143,-5.59923e-06,0.00385352,-0.00035947
20.401000000,0.189547,0.548151,-0.00100148,-5.89619e-06,0.00385389,-0.000205395
20.435000000,0.196576,0.548149,-0.00100151,-6.34976e-06,0.00385417,4.64742e-05
20.468000000,0.203715,0.548148,-0.00100153,-4.50194e-06,0.00385441,-0.00044291
20.501000000,0.210967,0.548143,-0.00100167,-4.5808e-06,0.00385557,-0.000189507
20.535000000,0.21844,0.548143,-0.00100188,-5.29353e-06,0.00385732,0.000185107
20.568000000,0.225776,0.548143,-0.00100197,-3.58104e-06,0.00385784,-0.000383486
20.601000000,0.233066,0.54813,-0.00100183,-1.78091e-06,0.00385653,-0.00146544
20.635000000,0.240567,0.5481,-0.00100188,1.71512e-06,0.00385665,-0.0026288
20.668000000,0.247846,0.548054,-0.00100199,4.9006e-06,0.00385736,-0.0037465
20.701000000,0.255107,0.547993,-0.0010017,9.89962e-06,0.00385557,-0.00463437
20.735000000,0.262566,0.547919,-0.00100112,1.57485e-05,0.00385096,-0.00542359
20.768000000,0.269838,0.547834,-0.00100163,1.60762e-05,0.00385476,-0.0062686
20.801000000,0.277109,0.547738,-0.00100149,1.9952e-05,0.0038538,-0.00711215
20.835000000,0.284602,0.547625,-0.0010015,2.35057e-05,0.00385383,-0.00798344
20.868000000,0.29185,0.547512,-0.00100146,2.19866e-05,0.00385364,-0.00745064
20.901000000,0.299099,0.547408,-0.00100149,1.98807e-05,0.00385391,-0.0067949
20.935000000,0.306568,0.547311,-0.00100155,1.77512e-05,0.00385445,-0.00612157
20.968000000,0.313815,0.547228,-0.00100164,1.5059e-05,0.00385523,-0.00532875
21.001000000,0.321063,0.547156,-0.0010018,1.26825e-05,0.00385659,-0.00454908
21.035000000,0.32851,0.547094,-0.00100157,7.13107e-06,0.00385468,-0.00389184
21.068000000,0.335739,0.547038,-0.00100128,3.87672e-06,0.00385155,-0.00374081
21.101000000,0.342995,0.546986,-0.0010017,4.89371e-06,0.00385535,-0.00341832
21.135000000,0.350471,0.546938,-0.00100172,3.20617e-06,0.00385541,-0.00308505
21.168000000,0.357727,0.546896,-0.0010018,1.69688e-06,0.00385604,-0.00275231
21.201000000,0.364749,0.546852,-0.00100221,3.66628e-06,0.00385977,-0.00375394
21.235000000,0.371799,0.546799,-0.00100154,5.59716e-06,0.00385405,-0.00353586
21.268000000,0.37859,0.546755,-0.00100156,2.85767e-06,0.00385412,-0.00284889
21.301000000,0.385381,0.54672,-0.00100151,6.30561e-07,0.00385392,-0.00215849
21.335000000,0.392379,0.546695,-0.00100148,-1.66611e-06,0.00385374,-0.00144802
21.368000000,0.399485,0.546675,-0.00100132,-2.86886e-08,0.00385249,-0.00171561
21.401000000,0.406746,0.546651,-0.00100154,-2.4168e-07,0.00385445,-0.00154886
21.435000000,0.414222,0.546629,-0.0010016,-1.03029e-06,0.0038549,-0.00124779
21.468000000,0.421286,0.546614,-0.00100119,-5.4392e-06,0.00385162,-0.00114026
21.501000000,0.428118,0.5466,-0.0010019,-1.5983e-06,0.00385736,-0.000847179
21.535000000,0.435097,0.54659,-0.00100128,-7.68849e-06,0.00385167,-0.000754331
21.568000000,0.442059,0.546575,-0.00100147,-6.59142e-06,0.00385169,-0.00153819
21.601000000,0.449262,0.54655,-0.00100174,-1.70922e-06,0.00385585,-0.00180652
21.634000000,0.45674,0.546524,-0.00100176,-2.35527e-06,0.00385573,-0.00166431
21.668000000,0.464001,0.546502,-0.00100183,-3.63486e-06,0.00385624,-0.00143425
21.700000000,0.471253,0.546483,-0.00100173,-4.15249e-06,0.00385552,-0.00114686
21.735000000,0.478725,0.546468,-0.00100161,-4.83318e-06,0.00385462,-0.000848916
21.767000000,0.485979,0.546456,-0.00100153,-4.95726e-06,0.00385409,-0.000689238
21.801000000,0.493235,0.546447,-0.00100148,-5.09216e-06,0.00385379,-0.000531449
21.835000000,0.500712,0.546441,-0.00100148,-5.24114e-06,0.00385381,-0.000370339
21.868000000,0.50769,0.546434,-0.00100146,-2.86219e-06,0.00385382,-0.000962634
21.901000000,0.514514,0.546421,-0.00100158,-2.78561e-06,0.0038548,-0.000791668
21.935000000,0.521544,0.546412,-0.00100165,-3.66139e-06,0.00385533,-0.000485535
21.967000000,0.528639,0.546401,-0.00100184,6.39905e-07,0.00385673,-0.00140113
22.000000000,0.535795,0.546377,-0.00100125,-2.91743e-06,0.00385136,-0.00187174
22.033000000,0.543187,0.546349,-0.00100132,-3.07881e-06,0.00385175,-0.00202662
22.068000000,0.550419,0.546322,-0.00100174,-2.37855e-06,0.00385567,-0.00156604
22.101000000,0.557671,0.546303,-0.00100169,-4.76799e-06,0.00385522,-0.000979278
22.135000000,0.565144,0.546293,-0.00100182,-7.61056e-06,0.00385614,-0.000372343
22.168000000,0.57239,0.546295,-0.00100133,-1.0015e-05,0.0038522,0.00080378
22.201000000,0.579626,0.546315,-0.00100162,-1.60763e-05,0.00385465,0.0020684
22.234000000,0.587079,0.546355,-0.00100155,-2.07615e-05,0.00385418,0.00337988
22.268000000,0.594328,0.546407,-0.00100145,-2.16398e-05,0.00385356,0.00376743
22.301000000,0.601581,0.546464,-0.00100143,-2.26031e-05,0.0038534,0.00410378
22.335000000,0.609055,0.546528,-0.00100145,-2.35469e-05,0.00385361,0.00444905
22.368000000,0.616298,0.546599,-0.00100155,-2.67818e-05,0.0038545,0.00544841
22.401000000,0.623541,0.546684,-0.00100164,-3.02617e-05,0.00385515,0.0064648
22.435000000,0.631002,0.546788,-0.00100183,-3.34549e-05,0.00385681,0.00749293
22.468000000,0.638301,0.5469,-0.00100204,-3.43884e-05,0.00385888,0.00781898
22.501000000,0.645563,0.547014,-0.00100186,-3.66845e-05,0.00385689,0.00780247
22.535000000,0.653043,0.54713,-0.00100182,-3.81717e-05,0.0038561,0.00777616
22.568000000,0.660288,0.547248,-0.00100191,-4.19515e-05,0.00385668,0.00860972
22.601000000,0.667524,0.547379,-0.00100208,-4.75616e-05,0.00385774,0.00957876
22.634000000,0.674952,0.54753,-0.00100112,-4.65391e-05,0.00385095,0.0107262
22.668000000,0.681914,0.547678,-0.00100137,-4.60364e-05,0.00385249,0.0102203
22.701000000,0.68874,0.54782,-0.00100164,-4.94616e-05,0.00385512,0.010802
22.735000000,0.69575,0.547977,-0.00100146,-5.23885e-05,0.00385327,0.0117331
22.768000000,0.702833,0.54815,-0.00100121,-5.39728e-05,0.00385109,0.0124644
22.801000000,0.710092,0.548331,-0.00100145,-5.4296e-05,0.00385327,0.0124263
22.835000000,0.717572,0.548516,-0.00100149,-5.37816e-05,0.00385369,0.0123855
22.868000000,0.724835,0.548695,-0.00100155,-5.29445e-05,0.00385419,0.0122226
22.901000000,0.732098,0.548872,-0.00100163,-5.21804e-05,0.00385482,0.0120516
22.935000000,0.739579,0.549051,-0.00100171,-5.19627e-05,0.00385542,0.0118551
22.968000000,0.74684,0.549222,-0.00100178,-5.17431e-05,0.00385592,0.0116505
23.001000000,0.753818,0.549385,-0.00100174,-4.94061e-05,0.003857,0.0120756
23.034000000,0.760826,0.549554,-0.00100189,-5.41077e-05,0.00385647,0.011902
23.068000000,0.76767,0.54971,-0.00100188,-5.03465e-05,0.00385636,0.0107633
23.101000000,0.774669,0.549859,-0.00100095,-4.71348e-05,0.00384935,0.0109563
23.135000000,0.781936,0.550025,-0.00100084,-4.96863e-05,0.00384878,0.0118929
23.168000000,0.78865,0.550184,-0.00100192,-5.31961e-05,0.00385769,0.0113611
23.201000000,0.795317,0.550333,-0.00100129,-4.91896e-05,0.00385202,0.0111137
23.235000000,0.802338,0.550488,-0.00100144,-4.88848e-05,0.00385321,0.0108726
23.268000000,0.809193,0.55063,-0.00100145,-4.45998e-05,0.00385336,0.00982218
23.301000000,0.816346,0.550766,-0.00100146,-4.20975e-05,0.00385367,0.00927852
23.335000000,0.823828,0.550904,-0.00100151,-4.13618e-05,0.00385396,0.00917986
23.368000000,0.830882,0.551033,-0.0010012,-4.35493e-05,0.0038517,0.00890377
23.400000000,0.837761,0.551148,-0.00100177,-3.43282e-05,0.00385609,0.00748236
23.435000000,0.844825,0.551243,-0.00100181,-2.87166e-05,0.00385643,0.00584568
23.468000000,0.851457,0.551316,-0.00100205,-2.60918e-05,0.00385883,0.00544937
23.501000000,0.857902,0.551381,-0.00100171,-2.57223e-05,0.00385529,0.0044168
23.535000000,0.86447,0.55143,-0.00100191,-1.95132e-05,0.0038569,0.0028639
23.568000000,0.871001,0.551462,-0.00100166,-2.1268e-05,0.00385345,0.00233213
23.600000000,0.877761,0.551501,-0.00100084,-1.77323e-05,0.003849,0.00356627
23.635000000,0.884838,0.551559,-0.00100082,-2.12184e-05,0.0038486,0.00452423
23.667000000,0.891682,0.551618,-0.0010016,-2.2808e-05,0.00385457,0.00391089
23.701000000,0.898503,0.551663,-0.00100148,-1.74579e-05,0.00385373,0.00267681
23.735000000,0.905532,0.551693,-0.00100143,-1.223e-05,0.00385341,0.00139125
23.768000000,0.912668,0.551707,-0.00100142,-9.98229e-06,0.00385342,0.000881077
23.801000000,0.919929,0.55172,-0.00100144,-9.60654e-06,0.00385362,0.000865221
23.835000000,0.927411,0.551732,-0.0010015,-9.28432e-06,0.00385416,0.000846755
23.868000000,0.934285,0.551749,-0.00100122,-1.55347e-05,0.00385235,0.00168468
23.901000000,0.941083,0.551773,-0.00100172,-1.27807e-05,0.00385587,0.00179004
23.935000000,0.948119,0.551798,-0.00100177,-1.33154e-05,0.00385618,0.00178316
23.968000000,0.954719,0.551826,-0.00100154,-1.33788e-05,0.00385643,0.00294973
24.001000000,0.961107,0.551869,-0.00100166,-2.24941e-05,0.00385451,0.0034535
24.035000000,0.967645,0.551914,-0.00100194,-2.19181e-05,0.00385709,0.00343656
24.068000000,0.974129,0.551962,-0.00100167,-2.79779e-05,0.00385357,0.00408016
24.101000000,0.980868,0.552031,-0.00100077,-2.92747e-05,0.00384845,0.00656401
24.135000000,0.988008,0.552146,-0.00100079,-4.03809e-05,0.00384811,0.0095092
24.168000000,0.99482,0.552285,-0.00100162,-5.01985e-05,0.0038544,0.0109831
24.201000000,1.0016,0.552442,-0.00100151,-5.4372e-05,0.00385359,0.0122442
24.235000000,1.00858,0.552622,-0.00100141,-5.88358e-05,0.00385285,0.0135458
24.268000000,1.01567,0.552824,-0.00100145,-6.54254e-05,0.00385325,0.0153342
24.301000000,1.02289,0.55306,-0.00100147,-7.35195e-05,0.00385322,0.017553
24.335000000,1.03032,0.553337,-0.00100153,-8.19045e-05,0.0038536,0.0198361
24.368000000,1.03754,0.553639,-0.00100155,-9.06264e-05,0.00385355,0.0220507
24.401000000,1.04444,0.553964,-0.00100117,-0.000107999,0.00385005,0.0255263
24.435000000,1.05146,0.554341,-0.00100207,-0.000112564,0.00385773,0.0281965
24.467000000,1.05801,0.554729,-0.00100171,-0.000124905,0.00385482,0.0316493
24.501000000,1.06433,0.555146,-0.0010016,-0.000139739,0.00385132,0.0339684
24.535000000,1.07081,0.555598,-0.00100183,-0.000146366,0.00385357,0.0358102
24.568000000,1.0771,0.556059,-0.00100193,-0.000154291,0.00385385,0.0376063
24.601000000,1.0835,0.556558,-0.0010018,-0.000165848,0.00385286,0.0406673
24.634000000,1.0903,0.557143,-0.00100079,-0.000180171,0.0038443,0.0457892
24.668000000,1.09708,0.557798,-0.0010008,-0.000199237,0.00384344,0.0507712
24.701000000,1.10357,0.558483,-0.00100171,-0.000215958,0.00384995,0.0539453
24.735000000,1.11031,0.559229,-0.00100147,-0.00022481,0.00384772,0.0566031
24.768000000,1.11656,0.559955,-0.00100118,-0.000235796,0.00384453,0.0592165
24.801000000,1.12269,0.560698,-0.00100142,-0.000242971,0.00384574,0.061453
24.835000000,1.12908,0.561502,-0.00100148,-0.00025136,0.00384582,0.0637061
24.867000000,1.13487,0.56226,-0.00100146,-0.000269693,0.00384628,0.0673134
24.901000000,1.14015,0.562999,-0.00100112,-0.000286476,0.00384042,0.0719556
24.935000000,1.14544,0.563787,-0.00100109,-0.000301366,0.00383886,0.0757951
24.968000000,1.15077,0.564613,-0.00100111,-0.000307961,0.00383691,0.0773878
25.001000000,1.15651,0.565504,-0.00100118,-0.000303583,0.00383866,0.0761626
25.035000000,1.1626,0.566435,-0.00100125,-0.000301335,0.00383901,0.0754329
25.068000000,1.16858,0.567353,-0.00100171,-0.000307149,0.00384367,0.0775392
25.101000000,1.17467,0.568326,-0.00100173,-0.000321715,0.00384199,0.0811079
25.134000000,1.18095,0.569378,-0.00100179,-0.000336871,0.00384104,0.0848831
25.168000000,1.18725,0.570488,-0.00100194,-0.000358005,0.00384052,0.0901406
25.201000000,1.19373,0.571715,-0.00100086,-0.000379041,0.00383107,0.0974355
25.235000000,1.20038,0.57308,-0.00100081,-0.000408045,0.00382716,0.105035
25.268000000,1.20675,0.574474,-0.00100086,-0.00042647,0.00382535,0.109858
25.301000000,1.21326,0.575955,-0.00100154,-0.000444358,0.00382865,0.113562
25.335000000,1.22,0.577542,-0.00100151,-0.000457812,0.00382692,0.117243
25.366000000,1.22654,0.57913,-0.00100152,-0.000471103,0.00382547,0.12081
25.401000000,1.23328,0.580817,-0.00100169,-0.000480628,0.00382546,0.123586
25.435000000,1.24035,0.582623,-0.00100102,-0.000495066,0.00381785,0.126256
25.468000000,1.24724,0.584425,-0.00100102,-0.000505872,0.00381608,0.128942
25.501000000,1.25419,0.586287,-0.00100151,-0.000515968,0.00381941,0.132134
25.535000000,1.26135,0.588253,-0.0010015,-0.000529356,0.00381737,0.135431
25.568000000,1.26791,0.590102,-0.00100154,-0.000541675,0.00381613,0.138496
25.600000000,1.27441,0.591976,-0.00100162,-0.000554866,0.00381447,0.141758
25.635000000,1.28109,0.593953,-0.0010017,-0.000568555,0.00381307,0.145172
25.667000000,1.28725,0.595816,-0.00100102,-0.000572147,0.00380891,0.147416
25.701000000,1.29325,0.597664,-0.00100194,-0.000589599,0.00381155,0.150298
25.735000000,1.29942,0.599601,-0.00100173,-0.000599601,0.00380899,0.153403
25.767000000,1.30551,0.601569,-0.00100096,-0.000611775,0.00380043,0.158322
25.801000000,1.31191,0.603722,-0.00100093,-0.000639942,0.00379621,0.165529
25.835000000,1.31869,0.606116,-0.00100103,-0.000665955,0.00379224,0.172404
25.868000000,1.32523,0.60852,-0.00100108,-0.000696731,0.00378699,0.178507
25.901000000,1.33166,0.610973,-0.00100183,-0.000714224,0.00379068,0.184145
25.935000000,1.33815,0.613527,-0.00100111,-0.000735268,0.00377917,0.189078
25.968000000,1.34421,0.61598,-0.00100145,-0.000750538,0.00378033,0.193207
26.001000000,1.35003,0.61839,-0.00100135,-0.000765845,0.00377586,0.197129
26.035000000,1.35599,0.620912,-0.00100138,-0.000781515,0.00377301,0.20112
26.068000000,1.36211,0.623562,-0.00100113,-0.000796714,0.00376496,0.204816
26.101000000,1.36867,0.626464,-0.00100146,-0.000811641,0.00376711,0.208738
26.135000000,1.37542,0.629515,-0.00100156,-0.000827875,0.00376432,0.212829
26.168000000,1.38193,0.632529,-0.00100167,-0.000847004,0.00376092,0.217664
26.200000000,1.38841,0.635608,-0.0010018,-0.000866243,0.00375753,0.222544
26.235000000,1.39506,0.638847,-0.00100197,-0.000886205,0.00375421,0.227576
26.268000000,1.40131,0.641974,-0.00100109,-0.000900308,0.00374478,0.231706
26.300000000,1.40731,0.645024,-0.00100178,-0.000917373,0.0037452,0.234648
26.335000000,1.41323,0.64808,-0.00100187,-0.000925858,0.00374495,0.23791
26.368000000,1.41883,0.651019,-0.00100132,-0.000937873,0.00373607,0.241389
26.400000000,1.42452,0.654062,-0.00100052,-0.000946327,0.00372693,0.244286
26.435000000,1.43074,0.657424,-0.00100106,-0.000958695,0.00372808,0.246616
26.467000000,1.43685,0.66077,-0.00100141,-0.000967013,0.00372984,0.249079
26.501000000,1.44276,0.664049,-0.00100135,-0.000979274,0.00372606,0.25231
26.535000000,1.4488,0.667455,-0.00100137,-0.000992824,0.00372274,0.255808
26.568000000,1.45465,0.670811,-0.00100138,-0.00100583,0.00371935,0.259171
26.601000000,1.46049,0.674209,-0.00100143,-0.00101893,0.00371621,0.26253
26.635000000,1.46647,0.677752,-0.00100152,-0.00103249,0.00371313,0.265987
26.668000000,1.47226,0.681234,-0.00100163,-0.00104562,0.00371033,0.269338
26.701000000,1.47826,0.684901,-0.00100179,-0.00105818,0.0037074,0.272424
26.735000000,1.48458,0.688816,-0.00100194,-0.00106782,0.00370656,0.274925
26.768000000,1.49054,0.692548,-0.00100065,-0.00107436,0.00369538,0.277489
26.800000000,1.49627,0.696181,-0.00100217,-0.00108986,0.00370219,0.280414
26.835000000,1.50209,0.69992,-0.00100104,-0.00109616,0.00369183,0.283704
26.868000000,1.50771,0.703585,-0.00100125,-0.00110894,0.00368889,0.286546
26.901000000,1.51334,0.707303,-0.00100162,-0.00112167,0.00368808,0.289157
26.935000000,1.51911,0.711165,-0.0010015,-0.00113163,0.00368407,0.291852
26.968000000,1.52435,0.714706,-0.00100123,-0.00113984,0.00367901,0.294404
27.001000000,1.5295,0.718234,-0.00100137,-0.00115115,0.00367689,0.297055
27.035000000,1.53483,0.721923,-0.00100137,-0.00116099,0.00367392,0.299614
27.067000000,1.54028,0.725745,-0.00100122,-0.00117075,0.00366793,0.302459
27.101000000,1.54611,0.729892,-0.00100141,-0.00118607,0.0036663,0.306163
27.135000000,1.55212,0.734234,-0.00100147,-0.00120051,0.0036621,0.309912
27.168000000,1.55758,0.73825,-0.00100152,-0.00121634,0.00365713,0.313941
27.201000000,1.56297,0.742278,-0.00100169,-0.00123005,0.00365409,0.317505
27.235000000,1.56851,0.746491,-0.00100187,-0.00124415,0.0036508,0.321097
27.268000000,1.57369,0.750491,-0.00100138,-0.00125694,0.00364346,0.325587
27.301000000,1.57872,0.754455,-0.00100215,-0.00127847,0.003642,0.329904
27.335000000,1.58378,0.75851,-0.00100209,-0.00129374,0.00363516,0.333177
27.368000000,1.58864,0.76247,-0.00100147,-0.00130539,0.0036262,0.337131
27.400000000,1.59343,0.766438,-0.0010016,-0.00132387,0.00362026,0.341586
27.435000000,1.59831,0.770566,-0.00100162,-0.0013421,0.00361358,0.346237
27.468000000,1.60301,0.774609,-0.00100157,-0.00135559,0.00360819,0.349795
27.501000000,1.60769,0.778695,-0.00100149,-0.00136814,0.00360279,0.35321
27.535000000,1.61248,0.782941,-0.00100143,-0.0013812,0.00359738,0.356723
27.568000000,1.61673,0.786765,-0.00100203,-0.00139835,0.00359859,0.359862
27.601000000,1.62061,0.790302,-0.00100143,-0.00140282,0.00358903,0.362403
27.635000000,1.62459,0.793969,-0.00100144,-0.0014126,0.00358538,0.365007
27.668000000,1.6283,0.797422,-0.00100146,-0.00142579,0.00358026,0.368511
27.701000000,1.63195,0.800883,-0.00100152,-0.00143987,0.00357527,0.372176
27.735000000,1.63568,0.804478,-0.00100158,-0.00145429,0.00356999,0.375941
27.768000000,1.63912,0.80784,-0.00100116,-0.00147213,0.00355901,0.379923
27.801000000,1.6424,0.811108,-0.00100114,-0.00148415,0.00355364,0.383045
27.835000000,1.64571,0.814432,-0.001002,-0.00149195,0.0035587,0.385667
27.868000000,1.64902,0.817802,-0.00100127,-0.00149806,0.00354668,0.386372
27.901000000,1.6524,0.821236,-0.00100125,-0.00150173,0.00354614,0.387353
27.935000000,1.65591,0.82484,-0.00100169,-0.00150985,0.00354727,0.389613
27.967000000,1.65914,0.82818,-0.00100205,-0.00151563,0.00354967,0.391162
28.001000000,1.66223,0.831379,-0.00100173,-0.00151782,0.00354408,0.391514
28.035000000,1.6654,0.834677,-0.00100178,-0.00151974,0.00354362,0.391879
28.068000000,1.66847,0.837879,-0.00100098,-0.00151863,0.00353839,0.393294
28.101000000,1.67146,0.841024,-0.00100155,-0.00153058,0.00353756,0.395317
28.135000000,1.6745,0.844249,-0.00100144,-0.00153857,0.00353302,0.397612
28.167000000,1.67743,0.84739,-0.00100172,-0.00154836,0.00353103,0.399587
28.201000000,1.68015,0.850319,-0.00100215,-0.00155589,0.00353186,0.400611
28.235000000,1.68273,0.853125,-0.00100172,-0.00155921,0.0035264,0.402375
28.268000000,1.6854,0.856051,-0.00100085,-0.00156191,0.00351641,0.405091
28.301000000,1.68841,0.859389,-0.0010009,-0.00157715,0.00351083,0.408879
28.335000000,1.69164,0.863036,-0.00100151,-0.00159391,0.00350913,0.412053
28.368000000,1.69457,0.86638,-0.00100151,-0.00160498,0.00350404,0.415009
28.401000000,1.69741,0.869677,-0.00100154,-0.00161538,0.00349969,0.417748
28.435000000,1.70032,0.873092,-0.00100157,-0.00162603,0.00349507,0.420561
28.467000000,1.70313,0.876423,-0.00100162,-0.00163631,0.00349076,0.423283
28.501000000,1.70586,0.879707,-0.0010018,-0.0016462,0.00348769,0.425884
28.534000000,1.70863,0.883076,-0.0010013,-0.00165711,0.00347767,0.428311
28.568000000,1.71119,0.886219,-0.00100116,-0.00166836,0.00347092,0.431215
28.601000000,1.71354,0.889154,-0.00100166,-0.00168141,0.00347049,0.434649
28.635000000,1.71587,0.892098,-0.00100146,-0.00169332,0.00346176,0.437805
28.668000000,1.7183,0.895212,-0.00100111,-0.00170182,0.00345172,0.439742
28.701000000,1.72101,0.898712,-0.00100118,-0.00170687,0.00345115,0.440949
28.735000000,1.72394,0.902526,-0.00100152,-0.00171741,0.00345001,0.443669
28.768000000,1.72657,0.905995,-0.00100195,-0.00172479,0.00345238,0.445447
28.801000000,1.72892,0.909094,-0.00100167,-0.00172128,0.00344935,0.444442
28.835000000,1.73131,0.912233,-0.00100171,-0.00171622,0.00345217,0.443042
28.868000000,1.7338,0.915486,-0.00100171,-0.00171511,0.00345059,0.442454
28.901000000,1.73658,0.919128,-0.00100183,-0.00172079,0.00344924,0.443976
28.935000000,1.73968,0.923224,-0.00100088,-0.00173002,0.00343834,0.448679
28.968000000,1.74283,0.927527,-0.00100083,-0.00175937,0.00342335,0.456284
29.001000000,1.74604,0.932075,-0.0010009,-0.00178921,0.00340812,0.464136
29.035000000,1.74942,0.937028,-0.00100096,-0.00181482,0.00339483,0.470908
29.068000000,1.7527,0.941984,-0.00100122,-0.00183737,0.00338597,0.474922
29.101000000,1.75581,0.946752,-0.00100184,-0.00184616,0.00338664,0.477788
29.135000000,1.75896,0.951644,-0.0010018,-0.00185698,0.00338034,0.480474
29.168000000,1.76209,0.956564,-0.00100083,-0.00185805,0.00336871,0.480979
29.201000000,1.76541,0.961752,-0.00100107,-0.00185344,0.00337443,0.479204
29.235000000,1.7689,0.967155,-0.00100146,-0.00184754,0.00338181,0.477769
29.268000000,1.77213,0.972141,-0.00100131,-0.00184139,0.00338291,0.476226
29.300000000,1.77533,0.977019,-0.00100155,-0.00183487,0.0033894,0.474238
29.335000000,1.77865,0.98203,-0.00100162,-0.00182758,0.00339384,0.472184
29.368000000,1.78186,0.98683,-0.00100169,-0.00182088,0.00339804,0.470281
29.401000000,1.78508,0.991615,-0.00100177,-0.00181412,0.00340223,0.468388
29.435000000,1.78843,0.99653,-0.00100186,-0.00180733,0.00340655,0.466444
29.467000000,1.79156,1.00108,-0.00100142,-0.00179004,0.00341271,0.463051
29.501000000,1.79465,1.00548,-0.00100212,-0.00178197,0.00342244,0.459348
29.535000000,1.7978,1.0099,-0.00100181,-0.00176642,0.003428,0.456044
29.568000000,1.80084,1.01409,-0.00100166,-0.00175248,0.00343365,0.452769
29.601000000,1.80391,1.01826,-0.00100161,-0.00173925,0.0034401,0.449492
29.635000000,1.80711,1.02254,-0.00100159,-0.00172572,0.00344682,0.446108
29.668000000,1.81015,1.02657,-0.00100134,-0.00172071,0.00344543,0.445816
29.701000000,1.81316,1.03055,-0.00100126,-0.00172524,0.00344465,0.445708
29.734000000,1.81612,1.03446,-0.00100119,-0.00171768,0.00344769,0.443728
29.768000000,1.81889,1.03807,-0.00100167,-0.00170577,0.00345763,0.441137
29.801000000,1.82167,1.04166,-0.00100183,-0.00169526,0.00346429,0.438493
29.835000000,1.82455,1.04532,-0.00100145,-0.00168548,0.00346557,0.435575
29.867000000,1.82719,1.04865,-0.00100143,-0.00167975,0.00346797,0.434131
29.901000000,1.8297,1.0518,-0.00100194,-0.00167425,0.00347622,0.432908
29.934000000,1.83219,1.05489,-0.00100165,-0.00166598,0.00347701,0.430568
29.968000000,1.83477,1.05805,-0.00100126,-0.00165525,0.00347719,0.427361
30.001000000,1.83747,1.06133,-0.00100166,-0.00164515,0.00348624,0.424779
30.035000000,1.84028,1.0647,-0.00100173,-0.00163587,0.0034912,0.42224
30.068000000,1.84296,1.06787,-0.00100183,-0.00163118,0.00349418,0.420786
30.100000000,1.84544,1.0708,-0.00100193,-0.00162348,0.00349886,0.418631
30.135000000,1.84797,1.07373,-0.00100191,-0.00161322,0.00350305,0.415945
30.168000000,1.85051,1.07666,-0.00100189,-0.00161131,0.00350239,0.415077
30.201000000,1.85315,1.07971,-0.00100091,-0.00160673,0.00349842,0.416342
30.235000000,1.85587,1.08288,-0.00100084,-0.00161103,0.00349582,0.417619
30.268000000,1.85835,1.08577,-0.00100131,-0.0016116,0.00349865,0.416831
30.301000000,1.86075,1.08854,-0.0010016,-0.00160715,0.00350362,0.415097
30.335000000,1.86323,1.09139,-0.00100157,-0.00160002,0.00350658,0.413315
30.368000000,1.86571,1.09422,-0.0010009,-0.00158301,0.00350808,0.410304
30.401000000,1.86844,1.09727,-0.00100124,-0.00156727,0.00351831,0.405534
30.433000000,1.8714,1.1005,-0.00100148,-0.00154692,0.00352978,0.399795
30.468000000,1.87411,1.1034,-0.00100127,-0.0015312,0.00353392,0.396212
30.500000000,1.87669,1.10613,-0.00100147,-0.00152316,0.00354008,0.393737
30.535000000,1.87937,1.10892,-0.0010015,-0.00151325,0.00354461,0.391184
30.568000000,1.88222,1.11186,-0.00100136,-0.00149861,0.00354783,0.387817
30.601000000,1.88528,1.11496,-0.00100163,-0.00147497,0.00356184,0.381098
30.635000000,1.88846,1.11806,-0.00100167,-0.00144569,0.00357406,0.373493
30.668000000,1.89141,1.12087,-0.00100151,-0.00142526,0.00358262,0.368406
30.701000000,1.89418,1.12346,-0.00100177,-0.00141265,0.00358816,0.36489
30.734000000,1.89706,1.12611,-0.00100186,-0.00139895,0.00359429,0.36126
30.768000000,1.8998,1.12859,-0.00100138,-0.00138758,0.00359431,0.357503
30.801000000,1.90234,1.13086,-0.00100082,-0.00137088,0.00359763,0.354276
30.835000000,1.90467,1.13291,-0.00100078,-0.0013646,0.00359962,0.352721
30.868000000,1.90665,1.13465,-0.00100077,-0.00136475,0.00359955,0.352771
30.901000000,1.90835,1.13616,-0.00100077,-0.0013707,0.0035973,0.35432
30.935000000,1.90982,1.13746,-0.00100077,-0.00138284,0.00359264,0.357481
30.968000000,1.91115,1.13866,-0.00100159,-0.00139894,0.00359062,0.360002
31.001000000,1.91254,1.13992,-0.00100167,-0.00140013,0.00359097,0.360175
31.035000000,1.914,1.14123,-0.00100175,-0.00139267,0.00359482,0.358108
31.068000000,1.91535,1.14245,-0.00100178,-0.0013769,0.00360159,0.354025
31.100000000,1.91657,1.14352,-0.00100101,-0.00134722,0.00360795,0.347992
31.135000000,1.91763,1.14444,-0.00100066,-0.00131231,0.00361751,0.339569
31.168000000,1.91853,1.14518,-0.00100069,-0.00127138,0.00363236,0.328905
31.201000000,1.91933,1.14581,-0.00100073,-0.00121921,0.00365036,0.31523
31.232000000,1.92006,1.14635,-0.00100178,-0.00115759,0.0036793,0.297261
31.266000000,1.92052,1.14667,-0.00100161,-0.00107588,0.00370117,0.276696
31.300000000,1.92087,1.14689,-0.00100152,-0.000991353,0.00372401,0.254923
31.335000000,1.92123,1.14709,-0.00100149,-0.000904173,0.00374585,0.232351
31.368000000,1.92159,1.14728,-0.00100146,-0.000819125,0.00376518,0.210319
31.401000000,1.92195,1.14745,-0.00100143,-0.000733578,0.00378257,0.188176
31.435000000,1.92234,1.1476,-0.00100141,-0.000645129,0.00379855,0.16526
31.467000000,1.92272,1.14774,-0.00100141,-0.000558967,0.00381214,0.142929
31.501000000,1.92311,1.14786,-0.0010014,-0.000472525,0.00382383,0.120522
31.535000000,1.92352,1.14796,-0.00100141,-0.000383207,0.00383387,0.0973691
31.569000000,1.92391,1.14804,-0.00100142,-0.000296304,0.00384168,0.0748433
31.601000000,1.92431,1.1481,-0.00100144,-0.000209229,0.00384758,0.0522761
31.635000000,1.92473,1.14815,-0.00100147,-0.00011937,0.00385167,0.0289939
31.667000000,1.92505,1.14817,-0.00100104,-4.96671e-05,0.00384796,0.0103231
31.701000000,1.92526,1.14818,-0.00100109,-4.92301e-06,0.00384899,-0.00127747
31.735000000,1.92534,1.14818,-0.00100108,1.38598e-05,0.00385103,-0.00587432
31.768000000,1.92534,1.14818,-0.00100151,1.576e-05,0.00385401,-0.00591145
31.801000000,1.92534,1.14818,-0.00100151,1.58331e-05,0.00385405,-0.00592552

 
 finished with status, Succeed